{"curData":{"instanceID":0},"Q0":[0.17037416994571687,0.1043967604637146,0.10395094752311707,0.16994448006153108,1.8280608654022217,0.26581448316574099,0.1922663450241089,0.27429306507110598,0.12249027192592621,0.20529943704605103,0.12762592732906342,0.08930210024118424,0.08309362083673477],"Q1":[0.15216831862926484,0.20081087946891786,0.10496701300144196,0.1232917383313179,0.17464956641197205,0.214713454246521,1.9162691831588746,0.27260658144950869,0.17899057269096375,0.146089568734169,0.42978790402412417,0.18029600381851197,0.3441566228866577],"Q2":[0.08397313952445984,0.02658161334693432,0.09486071020364762,0.0083420155569911,0.12357406318187714,0.05385410785675049,1.5308934450149537,-0.0004711707297246903,1.0,0.0,0.012335250154137612,0.06077095866203308,0.03666388988494873],"Q3":[0.0,0.0,0.0,0.0,0.0,0.0,0.0,0.0,0.0,0.0,0.0,0.0,0.0],"Q4":[0.006005686707794666,0.03260645270347595,0.035044919699430469,0.16600550711154939,0.11600282788276673,0.1710183024406433,1.5836714506149293,-0.003422781126573682,0.14997661113739015,0.019767023622989656,0.053657326847314838,0.08961139619350434,-0.0027959612198174],"Q5":[0.0668286383152008,-0.003000000026077032,0.07691416144371033,0.05577430501580238,0.14994488656520844,0.0,1.3589632511138917,0.05349612608551979,0.03848140314221382,0.024521801620721818,0.07446108758449555,0.08970427513122559,0.10194514691829682],"Q6":[0.22011616826057435,0.0,-0.03328554704785347,0.06749279797077179,0.11882223188877106,0.11237134784460068,-0.0019856824073940517,0.1393042802810669,1.2430570125579835,0.1401742696762085,0.042543839663267139,0.07047542184591294,0.024577254429459573],"Q7":[0.02059042453765869,0.03903937339782715,0.03213191032409668,0.10720467567443848,0.0,0.05610162392258644,0.035906728357076648,0.13866117596626283,0.05555270239710808,1.6963796615600587,0.10069626569747925,0.06545158475637436,0.09803447872400284],"Q8":[0.0,0.0,0.0,0.0,0.0,0.0,0.0,0.0,0.0,0.0,0.0,0.0,0.0],"Q9":[0.18701833486557008,1.7364791631698609,1.9339793920516968,0.32643571496009829,0.13487976789474488,0.18849942088127137,0.22863131761550904,0.20932942628860475,0.21825331449508668,0.2313803881406784,0.3138238787651062,0.29311054944992068,0.28637993335723879],"Q10":[0.2290453165769577,0.2942785918712616,0.3405936658382416,0.3393556773662567,0.30825939774513247,0.47233155369758608,1.6450539827346802,0.31274232268333437,0.17130322754383088,0.27223560214042666,0.30573347210884097,0.2419368177652359,0.21789537370204926],"Q11":[0.23424828052520753,0.24952422082424165,0.19530479609966279,0.4833388924598694,0.30305296182632449,0.32039952278137209,1.67976713180542,0.15316976606845857,0.17804266512393952,0.2332380712032318,0.25781843066215517,0.3851800560951233,0.16383254528045655],"Q12":[0.4513453245162964,0.2553938627243042,0.6405144333839417,-0.0643879845738411,0.18544253706932069,0.05188821628689766,0.1695135086774826,0.16321133077144624,0.20498506724834443,0.16262632608413697,1.472818374633789,0.3013768196105957,1.6485497951507569],"Q13":[0.2487279176712036,0.1886868178844452,0.20071342587471009,1.0,0.28340083360671999,2.7481589317321779,1.8752042055130005,0.23099417984485627,0.16880349814891816,0.19217945635318757,0.1484210044145584,0.21741393208503724,0.1810077726840973],"Q14":[0.07277200371026993,0.26626378297805788,0.19453850388526917,0.730901837348938,0.8970404863357544,1.5223472118377686,2.4245917797088625,0.21781878173351289,0.20952966809272767,0.16580696403980256,0.1896212249994278,0.1783294975757599,0.05146437883377075],"Q15":[0.03037336841225624,0.03734491392970085,0.03408581018447876,0.10836152732372284,0.996999979019165,0.49799805879592898,1.1079519987106324,0.11808475106954575,0.05557349696755409,0.07704202085733414,-0.002434667432680726,0.11188694089651108,0.04266776889562607],"Q16":[0.0,0.0,0.0,0.0,0.0,0.0,0.0,0.0,0.0,0.0,0.0,0.0,0.0],"Q17":[0.08773723244667053,0.14451417326927186,0.10080549120903015,1.5752763748168946,0.3695695102214813,2.5477914810180666,1.0,0.1986667811870575,0.12537841498851777,0.4468463957309723,0.16414694488048554,0.07107195258140564,0.045112963765859607],"Q18":[0.14870570600032807,0.06885788589715958,0.10326217859983444,0.597292423248291,0.3438299298286438,2.295703887939453,0.3527359366416931,0.10227326303720474,0.18052828311920167,0.11575047671794892,0.16810576617717744,0.21105442941188813,0.07592761516571045],"Q19":[-0.011615157127380371,0.05138444900512695,0.2310210019350052,-0.06185145676136017,0.4453287124633789,2.0312373638153078,1.5243008136749268,0.08449149876832962,0.20976236462593079,0.06141763553023338,0.10045896470546723,0.04303557053208351,0.08862914144992829],"Q20":[0.30009815096855166,0.20846740901470185,0.1914670616388321,0.1799365133047104,0.7337537407875061,2.281450033187866,1.3997948169708253,0.16603727638721467,0.1214064434170723,0.34251824021339419,0.15628163516521455,0.23749110102653504,0.041939448565244678],"Q21":[0.0,0.0,0.06030455604195595,0.0,0.0,1.0,1.3430413007736207,0.0,0.0,-0.0036871389020234348,0.0,0.24050113558769227,0.0],"Q22":[0.3194735646247864,0.4578476846218109,0.3532198965549469,0.7189198732376099,0.29394277930259707,1.6370126008987427,1.5959079265594483,1.24160897731781,0.1839493215084076,0.39040109515190127,0.44822603464126589,0.4882819652557373,0.1893937885761261],"Q23":[1.8959745168685914,0.29181623458862307,0.28473302721977236,0.20769372582435609,0.25965991616249087,0.7073264718055725,2.252389430999756,0.3427759110927582,0.8004999756813049,0.30267080664634707,0.3603176474571228,0.35025110840797427,0.4781446158885956],"Q24":[0.3471733629703522,0.3983214497566223,0.39363527297973635,0.08155344426631928,0.5030387043952942,1.544967770576477,1.7331011295318604,0.2529580295085907,0.8778798580169678,0.33298173546791079,0.33117249608039858,0.22309762239456178,0.3655349910259247],"Q25":[0.10485702008008957,0.19835589826107026,1.6655044555664063,0.3895276188850403,0.6298891305923462,0.638556718826294,2.0597379207611086,0.03269924223423004,0.054294686764478686,0.21251504123210908,0.49531257152557375,0.19688859581947328,0.20675937831401826]}