{"curData":{"instanceID":0},"Q0":[0.26051416993141177,0.25031915307044985,0.6362517476081848,0.4414815902709961,0.0608573779463768,0.3401404917240143,0.5847528576850891,3.9872028827667238,-0.005100000184029341,0.6108219623565674,-0.001699900720268488,0.26724401116371157,0.34226012229919436],"Q1":[0.77293461561203,0.8130419254302979,1.6101737022399903,0.28360313177108767,0.8169347643852234,1.078262448310852,4.340647220611572,3.665666341781616,3.066931962966919,0.2673392593860626,0.9419085383415222,0.6037493944168091,0.5828338861465454],"Q2":[0.07409761846065521,0.14222659170627595,0.0,0.0,0.0,2.9537792205810549,0.0,0.25448623299598696,0.20668350160121919,0.0,0.1768944263458252,0.14470462501049043,0.0],"Q3":[0.0,0.0,0.0,0.0,0.0,0.0,0.0,0.0,0.0,0.0,0.0,0.0,0.0],"Q4":[-0.003000000026077032,0.19002756476402284,0.047679830342531207,0.1267639398574829,0.006885569076985121,3.9031970500946047,0.33676281571388247,0.3398111164569855,0.0,0.0,0.0,0.0,0.15428794920444489],"Q5":[0.0,-0.0029306269716471435,0.08589369803667069,0.030287757515907289,3.8220958709716799,-0.003000000026077032,0.17226992547512055,0.14502403140068055,0.0,0.28762876987457278,0.6779918074607849,-0.003000000026077032,0.1854248195886612],"Q6":[0.11003116518259049,0.06491446495056153,-0.003000000026077032,0.0,3.7988030910491945,0.11894824355840683,0.0,0.11403817683458328,0.13349299132823945,0.0,0.4358425438404083,0.14032310247421266,0.0],"Q7":[0.0,0.41747745871543887,0.0,-0.003900000127032399,0.25884127616882326,0.006967834662646055,0.0,0.0529453307390213,2.6547603607177736,-0.003000000026077032,0.14682060480117799,-0.005100000184029341,0.0],"Q8":[0.0,0.0,0.0,0.0,0.0,0.0,0.0,0.0,0.0,0.0,0.0,0.0,0.0],"Q9":[4.104848384857178,2.1510491371154787,0.7151844501495361,4.135626792907715,1.6074965000152588,1.8337061405181885,3.1827707290649416,1.8791708946228028,1.0850067138671876,1.3454782962799073,1.8866068124771119,1.7327549457550049,0.9629815816879273],"Q10":[1.887624979019165,5.3712849617004398,2.5141408443450929,1.3533414602279664,0.7450271844863892,1.8875553607940674,1.8735660314559937,1.3368631601333619,2.1573574542999269,5.427124500274658,1.7485604286193848,2.035445213317871,1.8576884269714356],"Q11":[1.2342997789382935,1.4199928045272828,1.5415797233581544,4.00168514251709,0.7592766284942627,1.0495373010635377,0.8384213447570801,1.3894364833831788,1.6262633800506592,1.090096116065979,3.753695487976074,0.37645813822746279,1.6416107416152955],"Q12":[4.364180564880371,1.9147238731384278,2.584401845932007,1.7442995309829713,1.3658077716827393,1.1704936027526856,1.4076980352401734,4.097029685974121,1.7645134925842286,2.0979950428009035,1.1075900793075562,2.1295416355133058,1.722381591796875],"Q13":[0.23333175480365754,0.33501359820365908,1.0870215892791749,4.466005802154541,0.6916765570640564,3.1238489151000978,4.639503479003906,1.7104907035827637,0.49789339303970339,0.5500742793083191,0.1710912585258484,0.6593239307403565,0.19134092330932618],"Q14":[1.3759201765060425,0.13052676618099214,0.9454641938209534,1.0979137420654297,0.7545164823532105,0.7848415374755859,3.8784284591674806,0.2051517814397812,0.5797646045684815,0.023754093796014787,0.34435614943504336,0.5193929672241211,0.2692124843597412],"Q15":[0.0,0.0,0.0,0.0,0.0,0.0,0.0,3.2918689250946047,0.0,0.0,0.0,0.0,0.0],"Q16":[0.0,0.0,0.0,0.0,0.0,0.0,0.0,0.0,0.0,0.0,0.0,0.0,0.0],"Q17":[-0.003000000026077032,0.28080132603645327,0.20146942138671876,3.574094772338867,0.32227861881256106,1.1965876817703248,5.229764461517334,0.09673935920000076,0.27372339367866518,0.024377593770623208,0.0,0.28074344992637637,0.11082543432712555],"Q18":[0.03680408000946045,0.11807752400636673,0.3749152719974518,0.9965143203735352,0.8595929741859436,2.4010767936706545,1.835241675376892,0.14381062984466554,0.4302666485309601,0.2566540241241455,-0.09213926643133164,0.04557370766997337,0.11732681840658188],"Q19":[0.014343001879751683,0.02873082272708416,0.11174707859754563,0.4815058410167694,0.9101310968399048,4.661591529846191,2.6643946170806886,0.044077321887016299,0.0,0.08121312409639359,0.03647339344024658,0.24366357922554017,0.16488972306251527],"Q20":[0.22474305331707,0.09334272146224976,0.06363186240196228,1.1470917463302613,0.0,3.218891143798828,2.302795171737671,0.0,0.16879640519618989,0.020126845687627794,0.7093009352684021,-0.006000000052154064,0.18273913860321046],"Q21":[0.08700000494718552,-0.003000000026077032,0.0,0.0,0.2693048119544983,0.9999570846557617,1.2718479633331299,0.0,4.03420352935791,0.0,-0.4514913260936737,0.0,0.0],"Q22":[1.555985689163208,1.6807478666305543,1.6763876676559449,3.1591360569000246,1.7034283876419068,2.0448825359344484,3.5121843814849855,2.8382787704467775,1.6101046800613404,3.7395684719085695,1.798503041267395,0.7919740676879883,1.568341612815857],"Q23":[1.6499323844909669,1.6939103603363038,1.0905520915985108,4.502287864685059,1.7318066358566285,2.5908095836639406,3.3794515132904054,1.0683263540267945,0.9551787972450256,3.3408560752868654,1.7318753004074097,1.8337687253952027,1.2976866960525513],"Q24":[1.832400918006897,4.077565670013428,0.9128730297088623,2.9441428184509279,2.4534263610839845,2.4165940284729006,4.226718425750732,1.006418228149414,1.1895986795425416,1.7919080257415772,1.298967957496643,1.2951213121414185,1.3055106401443482],"Q25":[1.2374635934829713,1.5484638214111329,2.184117078781128,2.409400224685669,1.6999852657318116,2.8322324752807619,2.894413709640503,1.554473638534546,3.8690404891967775,1.30930757522583,1.32194983959198,1.511785864830017,1.2475084066390992]}