{"curData":{"instanceID":0},"Q0":[0.5436781048774719,0.770095705986023,0.03773784637451172,0.04207773879170418,1.017409086227417,0.21053926646709443,2.1507890224456789,0.3421492874622345,0.4322957694530487,0.5507407188415527,0.45795419812202456,0.2712973654270172,0.0],"Q1":[0.3254827857017517,0.9949889183044434,0.694604754447937,0.885942816734314,2.427168846130371,0.7331847548484802,0.9250898361206055,0.7292377948760986,2.0569374561309816,0.8623378276824951,0.9964727759361267,0.9432903528213501,0.9418434500694275],"Q2":[0.0,0.29789048433303835,0.07681963592767716,0.0,0.24059417843818665,1.8928316831588746,0.0,0.0,-0.003000000026077032,0.0,-0.003900000127032399,0.0,-0.04463310167193413],"Q3":[0.0,0.0,0.0,0.0,0.0,0.0,0.0,0.0,0.0,0.0,0.0,0.0,0.0],"Q4":[0.0,0.0,0.08559122681617737,0.16065874695777894,0.34712573885917666,0.18536430597305299,0.0,0.44617465138435366,1.9818111658096314,0.00039440099499188364,0.4625692665576935,0.19670000672340394,0.39828112721443179],"Q5":[0.0,0.12157716602087021,-0.004971000365912914,0.0,0.018231691792607309,0.4017738699913025,2.0514564514160158,0.18049967288970948,0.09486091136932373,0.0980515107512474,0.0,0.0,0.44465380907058718],"Q6":[0.0,0.0,0.18664522469043733,2.0664591789245607,0.19661164283752442,0.12016698718070984,0.5077109932899475,-0.005100000184029341,0.0,0.0,0.0,0.0,-0.003000000026077032],"Q7":[0.0,0.015000002458691597,0.1569657325744629,2.0000555515289308,0.05958952009677887,0.0,0.372402161359787,0.039000004529953,0.0,-0.003000000026077032,-0.0009825286688283086,0.0,0.0],"Q8":[0.0,0.0,0.0,0.0,0.3764338791370392,0.0,0.0,0.0,0.0,0.0,0.0,0.0,0.0],"Q9":[0.6334413886070252,1.1685755252838135,1.5883387327194214,0.7098693251609802,1.2928354740142823,2.3869335651397707,2.1673054695129396,0.5265704393386841,0.4417438805103302,0.7262515425682068,0.7666710615158081,1.3656994104385377,1.1001735925674439],"Q10":[1.237170696258545,1.4565709829330445,1.7908437252044678,0.6290998458862305,2.432111978530884,1.3205293416976929,1.1382735967636109,1.1607669591903687,2.305732250213623,1.3174411058425904,1.3618980646133423,1.6411590576171876,1.7869040966033936],"Q11":[1.7625868320465088,1.32456374168396,0.7147085666656494,2.3040480613708498,0.6300771236419678,0.7611902356147766,1.0543186664581299,0.8937733173370361,2.1011803150177,1.105112910270691,0.7051916122436523,0.8599767088890076,1.3848613500595093],"Q12":[0.880782961845398,2.0056416988372804,1.1888772249221802,0.7502106428146362,0.6509357690811157,2.50821590423584,1.0524791479110718,1.2795469760894776,1.0382158756256104,2.43491530418396,0.9863193035125732,1.6137614250183106,1.2967976331710816],"Q13":[0.3837595582008362,0.13038459420204163,0.5198348760604858,0.30794844031333926,2.532438039779663,0.02058900147676468,2.392561674118042,0.49290725588798525,0.14061413705348969,0.6654391288757324,0.8170662522315979,0.24233359098434449,0.0],"Q14":[0.4108312427997589,0.28249409794807436,0.525260329246521,0.24628575146198274,2.687659978866577,0.0,2.809516429901123,0.5499851703643799,0.6492048501968384,0.8026399612426758,0.06687570363283158,0.8172433972358704,0.799873948097229],"Q15":[0.0,0.3803233802318573,0.0,0.0,0.0,0.0,1.5462872982025147,0.0,0.0,0.0,0.7853620052337647,0.0,0.0],"Q16":[0.0,0.0,0.0,0.0,0.0,0.0,0.0,0.0,0.0,0.0,0.0,0.0,0.0],"Q17":[-0.0022469996474683286,0.0,-0.003900000127032399,0.4864823818206787,0.13191969692707063,0.6002557873725891,1.8236485719680787,-0.006630000192672014,0.2095518410205841,0.2332887351512909,2.1252102851867677,0.2954244315624237,0.5645945072174072],"Q18":[0.7629714608192444,0.10111627727746964,-0.1264578253030777,0.7824367880821228,-0.003000000026077032,0.3212055563926697,0.6842752695083618,0.29451993107795718,0.6262664794921875,1.8039530515670777,0.0,0.2991413176059723,0.03425542637705803],"Q19":[-0.003900000127032399,0.07244415581226349,0.1577247530221939,0.0,0.052273668348789218,1.6513484716415406,1.0886250734329224,0.153945654630661,0.29946523904800417,0.0,0.32242992520332339,0.25573641061782839,0.8135288953781128],"Q20":[0.06453841179609299,0.0,0.2787516713142395,0.0,0.3725856840610504,0.6914747357368469,1.0787450075149537,0.27750837802886965,0.2683812975883484,0.43466314673423769,0.1709524393081665,0.48536521196365359,0.5562871098518372],"Q21":[0.0,0.0,0.0,0.0,0.30236899852752688,0.0,1.8757660388946534,0.22637538611888886,0.31183168292045596,0.0,0.0,0.0,0.0],"Q22":[1.5896995067596436,0.8908576965332031,1.0669357776641846,1.1537985801696778,2.2354681491851808,1.5807595252990723,2.7383668422698976,0.6282817721366882,1.3675347566604615,1.0882443189620972,0.40735191106796267,1.2851630449295045,0.746758759021759],"Q23":[1.3611712455749512,1.3570466041564942,1.6260226964950562,1.6872197389602662,2.4972710609436037,1.8408372402191163,2.063957929611206,1.2879266738891602,1.0581024885177613,1.2211378812789918,2.2350432872772219,1.5701477527618409,1.4411031007766724],"Q24":[1.3608880043029786,1.5111112594604493,0.8509084582328796,1.529298186302185,2.489499568939209,1.7003364562988282,1.5767009258270264,1.1977564096450806,1.3404263257980347,1.2363592386245728,1.1690351963043213,0.9198216795921326,0.9492166042327881],"Q25":[0.9742193222045898,0.8805726170539856,0.9777135848999023,1.0363861322402955,1.5002872943878174,1.4892754554748536,2.5479483604431154,2.1558098793029787,1.4016965627670289,1.2866203784942628,1.366509199142456,0.9178370833396912,0.8608046174049377]}