{"curData":{"instanceID":0},"Q0":[0.0922478660941124,0.04521016776561737,0.10941819101572037,0.15306541323661805,0.587563693523407,0.08455551415681839,0.2392565757036209,0.09616116434335709,0.09333212673664093,0.08851125836372376,0.12762592732906342,0.08930210024118424,0.10361509770154953],"Q1":[-0.03359644114971161,-0.03889979049563408,-0.03936995193362236,-0.03737795725464821,-0.03944928199052811,-0.03531760349869728,0.5735763311386108,-0.03746270388364792,0.24205289781093598,-0.039288196712732318,-0.038908056914806369,-0.039790961891412738,-0.035377178341150287],"Q2":[0.10227160155773163,0.02658161334693432,0.15493713319301606,-0.0007220187690109015,0.12357406318187714,0.005953226704150438,0.07506739348173142,-0.0004711707297246903,0.07608538120985031,0.0,0.012335250154137612,0.06077095866203308,0.012832011096179486],"Q3":[0.0,0.0,0.0,0.0,0.0,0.0,0.0,0.0,0.0,0.0,0.0,0.0,0.0],"Q4":[0.006005686707794666,0.03260645270347595,0.035044919699430469,0.06126192584633827,0.10169092565774918,0.08921760320663452,0.7100698351860046,-0.00029453643946908414,0.11584262549877167,0.019767023622989656,0.053657326847314838,0.08961139619350434,-0.0027959612198174],"Q5":[0.0007997769280336797,-0.003000000026077032,0.06543290615081787,0.05577430501580238,0.16626082360744477,0.0,0.2279968112707138,-0.017004169523715974,0.03848140314221382,0.024521801620721818,0.07446108758449555,0.09398584812879563,0.10194514691829682],"Q6":[0.07062969356775284,0.0,-0.03328554704785347,0.06749279797077179,0.11882223188877106,0.03511369973421097,-0.0019856824073940517,0.10213512182235718,0.21328379213809968,0.1401742696762085,0.042543839663267139,0.023938821628689767,0.006692129652947187],"Q7":[0.02059042453765869,0.06010866165161133,0.03213191032409668,0.10720467567443848,0.0,0.05610162392258644,0.035906728357076648,0.13866117596626283,0.05555270239710808,0.2544999122619629,0.03831298649311066,0.04520070180296898,0.06179998070001602],"Q8":[0.0,0.0,0.0,0.0,0.0,0.0,0.0,0.0,0.0,0.0,0.0,0.0,0.0],"Q9":[0.18727852404117585,0.20601427555084229,0.6894466280937195,0.22200483083724976,0.20891866087913514,0.1549702137708664,0.11865709722042084,0.20932942628860475,0.21825331449508668,0.2584300637245178,0.17470140755176545,0.2158302217721939,0.20265062153339387],"Q10":[0.24026590585708619,0.1810767948627472,0.3120242655277252,0.2503476142883301,0.15862001478672028,0.8882632255554199,0.8132798671722412,0.20318593084812165,0.21489942073822022,0.2367146760225296,0.1422123908996582,0.19992022216320039,0.10684134066104889],"Q11":[0.224920392036438,0.15715032815933228,0.16118381917476655,0.5044305324554443,0.22094863653182984,0.2344733476638794,0.16783452033996583,0.18686160445213319,0.12156417965888977,0.1745527982711792,0.23133933544158936,0.11751945316791535,0.15798237919807435],"Q12":[0.17645874619483949,0.18117383122444154,0.17783333361148835,0.13961493968963624,0.13638503849506379,0.1601429581642151,0.1695135086774826,0.16321133077144624,0.1663423329591751,0.10992083698511124,0.718036413192749,0.3013768196105957,0.10528254508972168],"Q13":[0.15984535217285157,0.2732132375240326,0.1358432173728943,0.5535182952880859,0.2143012136220932,1.7257007360458375,0.5868873000144959,0.15269622206687928,0.17408375442028047,0.056172002106904986,0.1739012748003006,0.11424759030342102,0.17073814570903779],"Q14":[0.13478466868400575,0.18809930980205537,0.15532079339027406,0.9273495078086853,0.21101517975330354,0.3469851613044739,0.1586514115333557,0.20372754335403443,0.18922783434391023,0.16361293196678163,0.1896212249994278,0.16648288071155549,0.1329580545425415],"Q15":[0.03037336841225624,0.03734491392970085,0.03408581018447876,0.049338556826114658,0.0755992978811264,0.6217811107635498,0.1393185406923294,0.06633353233337403,0.05127672478556633,0.07704202085733414,-0.005250175949186087,0.11188694089651108,0.04266776889562607],"Q16":[0.0,0.0,0.0,0.0,0.0,0.0,0.0,0.0,0.0,0.0,0.0,0.0,0.0],"Q17":[0.08773723244667053,0.05278308317065239,0.10554750263690949,1.5482467412948609,0.17269070446491242,0.04187103733420372,0.6894022822380066,0.11114358901977539,0.09974080324172974,0.16064289212226869,0.1462724804878235,0.03180677443742752,0.045112963765859607],"Q18":[0.14870570600032807,0.06885788589715958,0.10326217859983444,0.2902758717536926,0.3494614064693451,1.1476414203643799,-0.13160473108291627,0.0917755588889122,0.12111615389585495,0.13481199741363526,0.08649910986423493,0.1136423870921135,0.07592761516571045],"Q19":[-0.04645629599690437,0.06106652691960335,0.020737430080771447,0.1521877944469452,0.09228232502937317,1.4513542652130128,0.19541996717453004,0.03633058816194534,0.20686694979667664,0.06585382670164108,0.08991415798664093,0.04303557053208351,0.025472616776823999],"Q20":[0.04123038053512573,0.11816301941871643,0.08163206279277802,0.09087102860212326,0.07507415860891342,1.1977752447128297,0.05589890107512474,0.14063192903995515,0.1214064434170723,0.0897139310836792,0.12418496608734131,0.24064888060092927,0.03771350905299187],"Q21":[0.0,0.0,0.0,0.0,0.0,0.7690128087997437,-0.30381280183792117,0.0,0.0,-0.10291020572185517,0.0,0.24050113558769227,0.0],"Q22":[0.38561341166496279,0.2162325531244278,0.2769613265991211,0.2713432312011719,0.26141974329948428,1.121875524520874,0.7276061773300171,0.3582345247268677,0.24087439477443696,0.26095321774482729,0.2522522509098053,0.263857364654541,0.1896187663078308],"Q23":[0.29268571734428408,0.2582644522190094,0.25342807173728945,0.2400721311569214,0.2825891673564911,1.0125343799591065,0.578917920589447,0.3537232577800751,0.28251099586486819,0.32048794627189639,0.271048367023468,0.2652398943901062,0.2662259042263031],"Q24":[0.22644037008285523,0.29117551445961,0.16376031935214997,0.6075515747070313,0.22689972817897798,0.3429470658302307,1.1056923866271973,0.28455212712287905,0.06124209985136986,0.2008717805147171,0.17741376161575318,0.22309762239456178,0.15872977674007417],"Q25":[0.71241694688797,0.11609750241041184,0.021810919046401979,0.04517659172415733,-0.07871575653553009,0.3400433659553528,0.08321303129196167,0.29979559779167178,0.1684834361076355,0.08659173548221588,0.021450752392411233,0.08384859561920166,0.20639677345752717]}