{"curData":{"instanceID":0},"Q0":[0.2382110357284546,-0.14165350794792176,-0.012782781384885311,-0.04296521469950676,-0.014950272627174855,0.24000926315784455,-0.01448457594960928,-0.04072209447622299,-0.02936892956495285,-0.037220969796180728,-0.025385204702615739,0.00890230480581522,-0.06648346781730652],"Q1":[-0.11822644621133805,0.14036965370178224,-0.11636674404144287,-0.10013282299041748,-0.11357922852039337,-0.11644523590803147,0.29373639822006228,-0.15214361250400544,-0.11918377131223679,-0.11185704171657562,-0.11508107930421829,-0.11344815790653229,-0.11689706891775131],"Q2":[-0.005955938715487719,0.0,0.0,-0.022312715649604799,-0.06256509572267533,-0.002437236486002803,0.0,-0.010797190479934216,0.0,0.0,-0.008596217259764672,0.04613134264945984,-0.042162831872701648],"Q3":[0.0,0.0,0.0,0.0,0.0,0.0,0.0,0.0,0.0,0.0,0.0,0.0,0.0],"Q4":[-0.015360173769295216,-0.03376093506813049,-0.018728120252490045,-0.008435298688709736,-0.024693112820386888,-0.008098753169178963,0.0,-0.02582370862364769,-0.016605179756879808,0.0,-0.015781685709953309,0.2735748291015625,-0.027074502781033517],"Q5":[-0.016776761040091516,-0.11742106825113297,0.0,0.0,-0.005832888185977936,-0.11050330847501755,-0.29465994238853457,-0.025027401745319368,0.2856000065803528,-0.005750310141593218,0.0,-0.005336850881576538,0.0],"Q6":[0.0,-0.006760808639228344,-0.007588306441903114,-0.012910963036119938,-0.01036484818905592,-0.004719000309705734,-0.013946235179901123,-0.006131450179964304,0.0,-0.012675301171839238,-0.005764450877904892,0.039957817643880847,-0.20131351053714753],"Q7":[0.0,-0.030165977776050569,-0.03775966539978981,0.0,0.004203199874609709,0.0,0.0,-0.06072096899151802,0.0,-0.00810870062559843,0.0,-0.012043595314025879,-0.006254023406654596],"Q8":[0.0,0.0,0.0,0.0,0.0,0.0,0.0,0.0,0.0,0.0,0.0,0.0,0.0],"Q9":[-0.011466109193861485,0.0,-0.009506133385002613,0.0,0.006639148574322462,-0.008649910800158978,-0.004608045797795057,0.0,0.01023181900382042,-0.008110888302326203,-0.011005488224327565,-0.010087965987622738,-0.008805292658507824],"Q10":[-0.010219716466963292,0.0,-0.005730000324547291,-0.01197096798568964,-0.032871946692466739,-0.04524623230099678,-0.015402325429022313,-0.0085638128221035,-0.029208365827798845,0.10499870032072067,-0.021227989345788957,-0.0182502381503582,-0.003000000026077032],"Q11":[-0.014027073979377747,0.023511722683906556,-0.005250324495136738,-0.001303299330174923,-0.018607214093208314,0.03780021518468857,-0.009410356171429158,0.0,-0.004530000034719706,-0.048412006348371509,-0.02134011872112751,-0.017175471410155298,0.0],"Q12":[-0.015578220598399639,-0.0076420665718615059,-0.004587690345942974,-0.018406476825475694,0.18768364191055299,0.0,-0.003000000026077032,-0.015114893205463887,-0.11416778713464737,-0.04450862854719162,-0.005100000184029341,-0.052005380392074588,-0.01922796666622162],"Q13":[-0.041324105113744739,0.09471239149570465,-0.026162980124354364,0.4466497600078583,0.1801842600107193,0.9192603230476379,0.9449285864830017,-0.1283983737230301,0.2417001873254776,-0.04556392878293991,-0.027761099860072137,-0.0041786544024944309,0.04171738773584366],"Q14":[0.03103736974298954,-0.0026161111891269686,0.046033814549446109,-0.06270799785852432,0.21096593141555787,0.0593215636909008,0.1806279420852661,-0.00882150512188673,-0.02153681218624115,-0.003124140901491046,0.14044907689094544,-0.05245942249894142,-0.020849201828241349],"Q15":[0.0,0.0,0.0,0.0,0.0,0.0,0.2807554602622986,0.0,0.0,0.0,0.0,-0.00905278604477644,0.0],"Q16":[0.0,0.0,0.0,0.0,0.0,0.0,0.0,0.0,0.0,0.0,0.0,0.0,0.0],"Q17":[-0.019549645483493806,-0.07563508301973343,-0.011630321852862835,-0.0012156941229477525,-0.003000000026077032,-0.21774113178253175,0.9030055403709412,-0.027076302096247674,-0.029724344611167909,-0.025155778974294664,-0.0005931088235229254,-0.011826828122138977,-0.015713956207036973],"Q18":[-0.024857107549905778,-0.010106101632118225,-0.023780519142746927,0.0705690085887909,-0.19385847449302674,0.3157539367675781,-0.5151296854019165,0.11152531951665878,-0.07577237486839295,0.06710116565227509,-0.015426071360707283,-0.0402497835457325,-0.04719528183341026],"Q19":[0.16204595565795899,-0.02001146413385868,-0.015348503366112709,-0.030538007616996766,-0.2972370684146881,0.31501051783561709,0.29031556844711306,-0.022134587168693544,-0.024052906781435014,-0.02525266818702221,-0.0679156482219696,-0.015621243044734002,-0.025716012343764306],"Q20":[0.09855955094099045,-0.008010112680494786,-0.036771729588508609,-0.04171883687376976,0.0021794934291392566,-0.011634261347353459,0.0,-0.08371566981077194,-0.04399656504392624,-0.03819885849952698,-0.016957826912403108,-0.021980715915560724,-0.020573973655700685],"Q21":[0.0,0.0,0.0,0.0,0.0,-0.1655394732952118,0.0,0.0,0.0,0.0,0.0,0.0,0.0],"Q22":[-0.026107246056199075,-0.03298816829919815,-0.2554911673069,-0.08138039708137512,-0.05425161495804787,0.15986573696136475,-0.017227984964847566,-0.04518018290400505,-0.015361271798610688,-0.06477747112512589,-0.23225684463977815,-0.14676301181316377,-0.03632315620779991],"Q23":[-0.026119066402316095,-0.04723166301846504,-0.0023941444233059885,-0.10950906574726105,-0.02849145047366619,0.2755766808986664,-0.03391455486416817,0.017552398145198823,0.08892374485731125,0.10044462978839874,0.03442857414484024,0.0228688046336174,-0.053810857236385348],"Q24":[-0.03400597348809242,-0.25107139348983767,-0.015641972422599794,0.024502184242010118,-0.062260765582323077,0.17183654010295869,0.23384979367256165,-0.04533917084336281,-0.16592945158481599,-0.3828287720680237,-0.02550460211932659,0.007907005026936531,-0.007432513404637575],"Q25":[-0.33790794014930727,-0.05561915040016174,-0.020701037719845773,-0.49751245975494387,-0.404467910528183,-0.6369954943656921,-0.07258781790733338,-0.5746603608131409,-0.026660000905394555,-0.24225836992263795,-0.4091637134552002,-0.3855511248111725,0.005583588965237141]}