{"curData":{"instanceID":0},"Q0":[0.08959779143333435,-0.032439496368169788,0.0012000002898275853,0.08756418526172638,0.08268369734287262,0.08628339320421219,0.0,0.04978769272565842,2.665846824645996,0.2191902995109558,0.0,0.07390186190605164,0.2518395781517029],"Q1":[0.1072818860411644,0.5699569582939148,0.7394696474075317,0.3412160575389862,0.5000036358833313,0.12911008298397065,1.92610764503479,0.44880324602127077,0.8501421213150024,0.48822999000549319,0.4313887655735016,0.1750776469707489,0.11078299582004547],"Q2":[0.3293875455856323,-0.010934551246464253,0.01671450026333332,0.12012935429811478,0.10606075078248978,0.24116232991218568,1.1892081499099732,0.05800073221325874,0.0,0.0,0.022623002529144288,0.0,0.16393670439720155],"Q3":[0.0,0.0,0.0,0.0,0.0,0.0,0.0,0.0,0.0,0.0,0.0,0.0,0.0],"Q4":[0.0,0.2618069052696228,0.05364646762609482,0.09265801310539246,1.0164422988891602,0.04628288745880127,0.0,0.0,0.09835170954465866,0.0,0.2242666482925415,0.20848537981510163,-0.003000000026077032],"Q5":[0.1822378933429718,2.6270694732666017,0.0,-0.004530000034719706,-0.28376418352127077,-0.003000000026077032,0.06635800004005432,0.16016677021980287,-0.003900000127032399,-0.0005372922751121223,0.004730552900582552,0.15758153796195985,-0.031318388879299167],"Q6":[0.010244603268802166,0.1293812245130539,0.1991153061389923,0.0,0.3484768271446228,0.04766010493040085,1.1766622066497803,0.0,0.19549660384655,0.12551580369472505,-0.01417487021535635,0.1452789306640625,0.03900664299726486],"Q7":[0.05833272263407707,-0.003900000127032399,0.0432499535381794,0.5088099241256714,0.12118811160326004,-0.004170000087469816,0.0,0.2334163784980774,0.09330000728368759,0.04731740802526474,-0.003000000026077032,0.0,0.0],"Q8":[0.0,0.0,0.0,0.0,0.0,0.0,0.0,0.0,0.0,0.0,0.0,0.0,0.0],"Q9":[1.0756727457046509,0.8130930662155151,1.1952675580978394,0.7485695481300354,2.099839687347412,1.4912468194961548,0.030000001192092897,1.1659806966781617,0.31958097219467165,3.4221558570861818,0.758272647857666,1.4445040225982667,1.6129822731018067],"Q10":[1.0452227592468262,0.4525207281112671,1.0912716388702393,0.5633388757705689,1.3689208030700684,3.2308223247528078,0.719426155090332,1.133294939994812,1.308664083480835,0.030000001192092897,0.6624585390090942,1.5461353063583375,1.3824424743652344],"Q11":[0.8011999130249023,1.1699278354644776,0.9369863867759705,0.03021727316081524,1.0441032648086548,1.6240772008895875,0.1786957085132599,1.64220130443573,1.212137222290039,0.9535914063453674,1.4230585098266602,4.06890869140625,1.130372166633606],"Q12":[0.5253800749778748,0.7698689103126526,1.6434073448181153,0.6161903738975525,1.2821698188781739,1.051557183265686,0.16710880398750306,0.9222837090492249,1.0374410152435303,2.6415343284606935,0.18361584842205048,0.8021891117095947,1.0759408473968506],"Q13":[0.2408677339553833,0.3632393479347229,0.2829149663448334,0.07921015471220017,0.43851691484451296,0.1709238439798355,2.558910608291626,0.28479379415512087,0.4326125979423523,0.3633570969104767,0.21125681698322297,0.25615498423576357,0.5234338641166687],"Q14":[0.12494426965713501,0.7323893904685974,0.22755897045135499,0.8017675280570984,0.37505990266799929,0.17661534249782563,3.288987874984741,0.3952372670173645,0.3099347949028015,0.28214067220687868,0.3130585849285126,0.3069098889827728,0.48194071650505068],"Q15":[0.0,0.0,0.0,0.0,0.0,0.0,0.0,0.11687621474266052,0.0,0.0,0.0,0.01689000241458416,-0.003000000026077032],"Q16":[0.0,0.0,0.0,0.0,0.0,0.0,0.0,0.0,0.0,0.0,0.0,0.0,0.0],"Q17":[0.2408008873462677,0.13529667258262635,0.0411391444504261,0.5595885515213013,-0.38639941811561587,0.1278214305639267,2.588165521621704,0.11507631838321686,0.16949054598808289,0.1353089064359665,0.069826640188694,0.10475904494524002,0.040502604097127917],"Q18":[-0.09506476670503617,0.01723238080739975,0.008620498701930046,0.29574301838874819,0.3353034257888794,0.233670175075531,-0.1658368855714798,0.5149523615837097,0.2903205156326294,0.10760624706745148,0.16121265292167664,-0.005610457621514797,2.382399082183838],"Q19":[0.0933346077799797,0.04075457528233528,0.03422098979353905,0.18062296509742738,0.31692051887512209,0.5830094218254089,2.6027567386627199,-0.23876738548278809,0.22686730325222016,0.04025791212916374,0.21312449872493745,0.057408589869737628,0.19387978315353394],"Q20":[0.347616970539093,0.6379483938217163,0.038914427161216739,1.3502671718597413,0.39134031534194949,0.298852801322937,0.43049001693725588,0.3342803120613098,-0.003000000026077032,0.2926119863986969,0.1628846675157547,0.19699503481388093,0.39290547370910647],"Q21":[0.0,0.0,0.0,0.06250572204589844,0.0,0.38871148228645327,0.7540741562843323,0.0,0.6833796501159668,0.0,0.0,0.0,0.0],"Q22":[1.0498701333999634,1.136664867401123,0.8730397820472717,1.7423169612884522,1.5073354244232178,0.9637519717216492,1.7287248373031617,1.552205204963684,1.134962797164917,1.4639275074005128,0.7517741322517395,2.1241772174835207,1.767028570175171],"Q23":[1.2622193098068238,0.7594910860061646,1.2287516593933106,1.0886931419372559,0.7922452092170715,1.4859282970428467,-0.1084195226430893,0.8735014200210571,1.1296838521957398,1.275376319885254,0.9902824759483337,1.046720266342163,2.740309238433838],"Q24":[0.996913731098175,0.6732510924339294,1.0829172134399415,0.6055547595024109,1.9812626838684083,0.34655436873435976,0.5673465132713318,0.7484201192855835,1.0424760580062867,0.9911022186279297,1.1059491634368897,0.7305086255073547,0.819920003414154],"Q25":[0.77619868516922,0.9589388966560364,0.8199083805084229,0.06462137401103974,0.6584133505821228,0.31617850065231326,2.526670217514038,0.06190597638487816,2.759895086288452,0.22093713283538819,0.4276587963104248,0.9544340968132019,0.6783424615859985]}