{"curData":{"instanceID":0},"Q0":[0.5702221989631653,0.49234163761138918,0.20148709416389466,3.305389404296875,0.7082403302192688,0.19912497699260713,0.09235809743404389,0.6180915832519531,0.31827807426452639,0.3632684051990509,0.6091228127479553,0.6058962345123291,0.658724844455719],"Q1":[0.9601455926895142,0.8293681740760803,0.8589215278625488,1.05581796169281,0.9394378662109375,1.3777480125427247,3.857269525527954,0.7836364507675171,0.9552987217903137,0.5033666491508484,0.48210737109184267,1.1859993934631348,1.1420915126800538],"Q2":[-0.003900000127032399,0.05136001110076904,0.17339089512825013,0.0,2.2255077362060549,-0.022800002247095109,0.0,0.3642317056655884,0.2826109230518341,0.25805553793907168,0.27112656831741335,0.1163862869143486,0.0],"Q3":[0.0,0.0,0.0,0.0,0.0,0.0,0.0,0.0,0.0,0.0,0.0,0.0,0.0],"Q4":[0.0,0.31091615557670596,-0.0038399999029934408,0.22980783879756928,0.22597195208072663,0.0,0.19640611112117768,3.321763038635254,-0.003000000026077032,-0.005100000184029341,-0.003000000026077032,0.05112893134355545,0.5302932858467102],"Q5":[0.006070904899388552,-0.005100000184029341,0.2581125795841217,0.0,0.0,0.0,0.0,0.06971215456724167,0.1695493757724762,0.14911684393882752,3.2981879711151125,0.11196616291999817,-0.003000000026077032],"Q6":[0.2560039758682251,0.7004961967468262,0.2703879773616791,0.06530290096998215,3.3015553951263429,0.30568158626556399,0.38680362701416018,-0.21018674969673158,0.0,0.12909001111984254,-0.037872523069381717,0.09968049824237824,-0.04786749184131622],"Q7":[-0.006570000201463699,0.1701710969209671,-0.003000000026077032,0.7240725755691528,0.13829457759857179,-0.003000000026077032,3.1418190002441408,-0.0036899999249726536,0.0030000004917383196,-0.004530000034719706,0.17836105823516847,-0.003900000127032399,0.00622401712462306],"Q8":[0.0,0.0,0.0,0.0,0.0,0.0,0.0,0.0,1.6531949043273926,0.0,0.11677788943052292,0.0,0.0],"Q9":[1.2239640951156617,1.1867845058441163,1.0578862428665162,0.8537704944610596,1.4541032314300538,1.3496893644332886,1.2047178745269776,1.4658970832824708,3.714080572128296,3.8325207233428957,1.2280278205871583,1.3437161445617676,1.1501972675323487],"Q10":[1.5950058698654175,1.6874613761901856,0.9523351192474365,3.3150548934936525,0.9579716324806213,0.9124415516853333,1.0723121166229249,3.367450475692749,1.2556642293930054,1.3853033781051636,1.1995326280593873,1.3599199056625367,0.8732845783233643],"Q11":[2.0415425300598146,1.2983644008636475,1.6948740482330323,1.1464377641677857,0.7651842832565308,3.454303026199341,1.0941613912582398,1.2030128240585328,0.8581485152244568,1.121317744255066,1.188953161239624,1.2847120761871338,2.1849896907806398],"Q12":[1.0055062770843506,1.8515549898147584,2.097214460372925,0.8244664669036865,1.7105973958969117,1.1122292280197144,3.8819377422332765,0.9151802062988281,1.0488425493240357,1.0741815567016602,1.218849539756775,1.6947482824325562,1.6352499723434449],"Q13":[0.33670198917388918,0.8952803015708923,0.49362996220588686,0.6880663633346558,0.6272246837615967,2.0343592166900636,3.9933435916900636,0.1307658702135086,1.2489877939224244,0.6061886548995972,0.661939799785614,0.8050497174263,0.9672813415527344],"Q14":[0.2987728714942932,0.9520274996757507,0.5841345191001892,0.7844353914260864,1.4144366979599,1.2618046998977662,3.4671499729156496,0.7198774814605713,1.1937782764434815,0.6510834693908691,1.0141105651855469,0.6975172758102417,0.5136911869049072],"Q15":[0.0,0.0,0.0,0.0,0.0,0.0,1.2216581106185914,0.0,0.0,0.0,-0.003000000026077032,0.0,0.0],"Q16":[0.0,0.0,0.0,0.0,0.0,0.0,0.0,0.0,0.0,0.0,0.0,0.0,0.0],"Q17":[0.0,0.3108553886413574,-0.003000000026077032,0.43394023180007937,0.5206817984580994,0.8784315586090088,4.467179298400879,0.2655940055847168,0.0,-0.006630000192672014,0.6487477421760559,-0.003000000026077032,0.1564929187297821],"Q18":[-0.003000000026077032,0.35890790820121767,-0.004358999896794558,0.5516147613525391,-0.09050299227237702,3.4150452613830568,2.8466269969940187,0.011650257743895054,0.4171307384967804,0.2394109070301056,0.3144124746322632,0.49412548542022707,0.2911764085292816],"Q19":[-0.44797009229660036,0.16106009483337403,0.27118822932243349,0.43018838763237,0.6492502093315125,-0.3946833312511444,4.575043678283691,0.24614574015140534,3.1707847118377687,-0.38705751299858096,0.05956936255097389,-0.04901057109236717,0.27796661853790285],"Q20":[-0.003000000026077032,0.13488787412643434,0.007225662935525179,0.09546516835689545,0.5939660668373108,3.5373117923736574,2.5808379650115969,0.20467156171798707,0.35206741094589236,0.48143234848976138,0.19583602249622346,0.09242060035467148,0.51331627368927],"Q21":[0.0,0.2507128119468689,0.0,0.0,0.0,0.35813072323799136,3.315993070602417,0.0,1.851340889930725,1.1291874647140504,0.0,0.0,0.0],"Q22":[1.7797822952270508,1.5835490226745606,1.6353473663330079,1.154923677444458,2.1251142024993898,2.3859333992004396,3.618863105773926,1.093385100364685,2.2148473262786867,3.855797290802002,1.7024767398834229,1.8567478656768799,1.4717659950256348],"Q23":[1.027514934539795,1.3527835607528687,1.5533770322799683,2.9665567874908449,1.3764078617095948,3.273592233657837,3.7039718627929689,1.815706729888916,1.3800972700119019,2.9500982761383058,1.4664506912231446,0.684698224067688,1.9151833057403565],"Q24":[0.817698061466217,1.4798252582550049,1.3487675189971924,1.566565752029419,1.3429269790649415,2.688117504119873,3.5218656063079836,1.9670765399932862,2.410458564758301,3.6770682334899904,1.06453275680542,1.742050051689148,1.219744324684143],"Q25":[1.2981995344161988,1.4969781637191773,0.8920958042144775,1.0622076988220215,1.1757228374481202,3.156700849533081,2.3817367553710939,1.3425108194351197,2.555021286010742,2.0570008754730226,1.2848753929138184,1.8338195085525513,1.2213256359100342]}