{"curData":{"instanceID":0},"Q0":[9.050457954406739,0.9446991086006165,0.8053275942802429,0.8746826648712158,0.6749480366706848,0.7741533517837524,0.17533695697784425,0.31712543964385989,0.9786854386329651,1.0075381994247437,0.3994275629520416,0.5182242393493652,0.7094889879226685],"Q1":[0.9016928672790527,1.2239934206008912,0.8705607056617737,4.083056926727295,1.0173349380493165,2.927891254425049,6.155591011047363,1.0310600996017457,0.8526852130889893,0.8322879672050476,0.6244447827339172,1.078228235244751,1.2743333578109742],"Q2":[0.09546609967947006,0.0,0.0,0.349872887134552,0.2784091830253601,0.0,2.276854991912842,-0.004848000127822161,0.0,0.572161078453064,0.0032700004521757366,0.45741599798202517,0.32381874322891238],"Q3":[0.0,0.0,0.0,0.0,0.0,0.0,0.0,0.0,0.0,0.0,0.0,0.0,0.0],"Q4":[0.41268032789230349,0.07475762069225311,0.1478966474533081,5.012918949127197,0.3751130998134613,0.21843092143535615,0.0,0.0,0.09923601150512696,0.3530619740486145,0.6419160962104797,0.03142770379781723,0.20122019946575166],"Q5":[-0.003986999858170748,-0.003000000026077032,0.1049274131655693,0.3608425557613373,0.5813788771629334,2.2506744861602785,0.12518920004367829,0.2793567478656769,0.16161279380321504,0.5695822834968567,0.1697051078081131,0.18318624794483186,0.16920997202396394],"Q6":[0.18600980937480927,0.1421511471271515,-0.003000000026077032,0.0,6.9300336837768559,0.307881236076355,0.0,0.6754240989685059,-0.005100000184029341,0.16078802943229676,0.0,0.7190233469009399,0.3467619717121124],"Q7":[0.2902698218822479,-0.003000000026077032,0.0,0.00813787430524826,0.0,0.04888319596648216,0.0,0.07011870294809342,0.3720055818557739,0.25195440649986269,0.008811197243630886,-0.003191286465153098,3.9076075553894045],"Q8":[0.0,0.0,0.0,0.0,0.0,0.0,0.0,0.0,0.0,0.0,0.0,0.0,0.0],"Q9":[1.987047791481018,7.760735034942627,1.8964043855667115,2.3969805240631105,1.5808449983596802,1.7369290590286255,0.6301985383033752,2.008871078491211,1.8424409627914429,1.5831530094146729,2.04172420501709,1.9601237773895264,1.9078340530395508],"Q10":[2.14438533782959,1.4543296098709107,1.4146137237548829,3.4092447757720949,2.253257989883423,0.9434279799461365,3.186361074447632,1.8720539808273316,1.8412114381790162,2.5083796977996828,1.6196874380111695,8.23404598236084,2.1114015579223635],"Q11":[1.5550882816314698,1.916654348373413,5.510826587677002,2.1936533451080324,1.8841685056686402,2.249617338180542,1.9999091625213624,1.1459723711013795,2.111093521118164,2.338242292404175,6.911640644073486,1.662830114364624,1.2462960481643677],"Q12":[1.1982473134994507,4.877396583557129,1.5284764766693116,10.269933700561524,0.48204293847084048,2.0678658485412599,0.6907447576522827,1.5212066173553467,1.908137559890747,2.5440261363983156,1.4625346660614014,1.795313835144043,2.121589422225952],"Q13":[0.5765467882156372,0.23089568316936494,9.28916072845459,1.0144022703170777,1.0044147968292237,1.065267562866211,4.108994960784912,0.7664800882339478,0.9140214323997498,0.7438104748725891,0.6132546663284302,0.6288647055625916,1.1984847784042359],"Q14":[0.4940873980522156,0.8630877137184143,0.6580249667167664,3.4074039459228517,0.8129425048828125,4.444949626922607,4.399123668670654,0.3764306306838989,0.6676639914512634,0.5536742806434631,0.9007877111434937,0.4838956296443939,0.5302242040634155],"Q15":[0.0,0.0,0.0,0.0,0.0,0.9221874475479126,0.0,0.0,0.0,0.0,0.13182903826236726,0.0,0.0],"Q16":[0.0,0.0,0.0,0.0,0.0,0.0,0.0,0.0,0.0,0.0,0.0,0.0,0.0],"Q17":[0.30449891090393069,0.032388098537921908,0.08685245364904404,0.9788593053817749,1.0452451705932618,0.9357516765594482,7.0420355796813969,0.7282187938690186,0.08158958703279495,0.7527688145637512,0.08596719056367874,0.15988419950008393,0.08439407497644425],"Q18":[0.16989509761333466,0.2392447590827942,0.33486348390579226,-0.2846482992172241,0.6994061470031738,9.31915283203125,1.216152548789978,0.6633104085922241,1.2320021390914918,0.3617611229419708,0.5230242013931274,0.6518516540527344,0.9263937473297119],"Q19":[0.0674387589097023,0.36830684542655947,0.35510605573654177,1.504596471786499,0.8043944239616394,0.8472167253494263,9.850834846496582,0.19571462273597718,0.4436042308807373,1.770889163017273,0.19814473390579225,0.5140771865844727,1.1317331790924073],"Q20":[0.030231356620788575,-0.05109718441963196,0.06232955679297447,0.4327709972858429,1.0443320274353028,0.6418340802192688,4.780018329620361,0.4081854224205017,0.3788694441318512,0.15129075944423676,0.7961860299110413,0.38321611285209658,0.7351821064949036],"Q21":[0.0,0.0,0.0,0.0,0.0,-0.06991302967071533,1.3920472860336304,0.0,0.04289739206433296,0.0,0.0,0.0,0.0],"Q22":[1.599146842956543,1.5579674243927003,1.6194697618484498,4.692597389221191,2.135390281677246,2.1304433345794679,3.047701835632324,1.538771152496338,1.3946325778961182,1.230837106704712,0.9374706745147705,1.2913875579833985,1.4975473880767823],"Q23":[14.619582176208496,1.802626609802246,1.8496782779693604,6.42973518371582,1.8743165731430054,2.230125665664673,6.236806392669678,1.140445590019226,3.759941577911377,1.5502883195877076,1.7993313074111939,11.371722221374512,1.9786248207092286],"Q24":[1.8995084762573243,8.612114906311036,1.7272706031799317,1.399564504623413,2.381044387817383,2.274707794189453,8.883793830871582,1.78129243850708,1.6173731088638306,1.399101734161377,2.231445074081421,1.9086451530456544,1.848435401916504],"Q25":[1.586465835571289,1.4010796546936036,1.3639159202575684,3.8006670475006105,1.7653898000717164,1.1388951539993287,7.257565498352051,1.5838340520858765,5.172807693481445,1.6781926155090333,2.5530619621276857,0.8622443079948425,1.7505302429199219]}