{"curData":{"instanceID":0},"Q0":[1.569115400314331,7.050660133361816,0.9742675423622131,2.2541632652282717,0.0,0.0,0.0,0.0,0.0,0.0,0.0,0.0,0.0],"Q1":[1.7313050031661988,5.609118938446045,2.788449287414551,6.743483543395996,0.0,0.0,0.0,0.0,0.0,0.0,0.0,0.0,0.0],"Q2":[2.0775718688964845,5.431612014770508,2.1535818576812746,1.1834967136383057,0.0,0.0,0.0,0.0,0.0,0.0,0.0,0.0,0.0],"Q3":[2.6858575344085695,2.929098606109619,14.402292251586914,6.160177230834961,0.0,0.0,0.0,0.0,0.0,0.0,0.0,0.0,0.0],"Q4":[8.08203411102295,11.705225944519043,13.623525619506836,11.867217063903809,0.0,0.0,0.0,0.0,0.0,0.0,0.0,0.0,0.0],"Q5":[13.507916450500489,4.494572162628174,3.195725917816162,13.018096923828125,0.0,0.0,0.0,0.0,0.0,0.0,0.0,0.0,0.0],"Q6":[4.961785316467285,12.333039283752442,15.830975532531739,5.402667999267578,0.0,0.0,0.0,0.0,0.0,0.0,0.0,0.0,0.0],"Q7":[8.459892272949219,2.33832049369812,2.871528148651123,2.8938159942626955,0.0,0.0,0.0,0.0,0.0,0.0,0.0,0.0,0.0],"Q8":[5.313997745513916,13.366215705871582,15.052325248718262,3.618804454803467,0.0,0.0,0.0,0.0,0.0,0.0,0.0,0.0,0.0],"Q9":[4.712319850921631,4.118833065032959,7.531175136566162,16.502429962158204,0.0,0.0,0.0,0.0,0.0,0.0,0.0,0.0,0.0],"Q10":[3.8292510509490969,9.67617416381836,3.9081642627716066,3.359865188598633,0.0,0.0,0.0,0.0,0.0,0.0,0.0,0.0,0.0],"Q11":[3.9147002696990969,6.925334930419922,3.7574026584625246,7.725329399108887,0.0,0.0,0.0,0.0,0.0,0.0,0.0,0.0,0.0],"Q12":[5.470913887023926,2.9488747119903566,3.8185110092163088,10.224207878112793,0.0,0.0,0.0,0.0,0.0,0.0,0.0,0.0,0.0],"Q13":[10.29436206817627,2.6297616958618166,2.892362594604492,2.6818246841430666,0.0,0.0,0.0,0.0,0.0,0.0,0.0,0.0,0.0],"Q14":[4.341623783111572,4.787906646728516,2.7731175422668459,2.610152244567871,0.0,0.0,0.0,0.0,0.0,0.0,0.0,0.0,0.0],"Q15":[3.5139193534851076,2.829843759536743,1.9633853435516358,6.018916130065918,0.0,0.0,0.0,0.0,0.0,0.0,0.0,0.0,0.0],"Q16":[5.163876533508301,2.9294724464416506,10.94441032409668,4.713654518127441,0.0,0.0,0.0,0.0,0.0,0.0,0.0,0.0,0.0],"Q17":[7.444347858428955,14.436138153076172,6.972494125366211,4.632225036621094,0.0,0.0,0.0,0.0,0.0,0.0,0.0,0.0,0.0],"Q18":[13.630525588989258,12.893753051757813,10.626837730407715,1.8086766004562379,0.0,0.0,0.0,0.0,0.0,0.0,0.0,0.0,0.0],"Q19":[6.831545829772949,10.621620178222657,11.97689437866211,8.134655952453614,0.0,0.0,0.0,0.0,0.0,0.0,0.0,0.0,0.0],"Q20":[5.387320518493652,5.427860736846924,7.208013534545898,12.416696548461914,0.0,0.0,0.0,0.0,0.0,0.0,0.0,0.0,0.0],"Q21":[5.846224784851074,10.272756576538086,12.047771453857422,9.137252807617188,0.0,0.0,0.0,0.0,0.0,0.0,0.0,0.0,0.0],"Q22":[4.87385368347168,9.399417877197266,17.19660186767578,17.143539428710939,0.0,0.0,0.0,0.0,0.0,0.0,0.0,0.0,0.0],"Q23":[10.258731842041016,11.664329528808594,15.41231632232666,7.3343682289123539,0.0,0.0,0.0,0.0,0.0,0.0,0.0,0.0,0.0],"Q24":[3.326936960220337,2.351215124130249,4.010654926300049,10.234442710876465,0.0,0.0,0.0,0.0,0.0,0.0,0.0,0.0,0.0],"Q25":[9.934758186340332,3.0883641242980959,3.3802151679992677,3.709054708480835,0.0,0.0,0.0,0.0,0.0,0.0,0.0,0.0,0.0]}