{"curData":{"instanceID":0},"Q0":[3.660428524017334,4.150213241577148,5.623079299926758,4.188012599945068,0.0,0.0,0.0,0.0,0.0,0.0,0.0,0.0,0.0],"Q1":[5.4355926513671879,3.8456058502197267,3.9513726234436037,3.9985268115997316,0.0,0.0,0.0,0.0,0.0,0.0,0.0,0.0,0.0],"Q2":[3.7479801177978517,2.4271602630615236,5.582637786865234,2.86869215965271,0.0,0.0,0.0,0.0,0.0,0.0,0.0,0.0,0.0],"Q3":[4.229154586791992,8.335973739624024,5.168972969055176,14.645276069641114,0.0,0.0,0.0,0.0,0.0,0.0,0.0,0.0,0.0],"Q4":[7.7984724044799809,13.09065055847168,4.157073974609375,4.561540603637695,0.0,0.0,0.0,0.0,0.0,0.0,0.0,0.0,0.0],"Q5":[13.949226379394532,13.470125198364258,4.97598934173584,4.980905532836914,0.0,0.0,0.0,0.0,0.0,0.0,0.0,0.0,0.0],"Q6":[12.944316864013672,4.867851257324219,14.832988739013672,5.4996538162231449,0.0,0.0,0.0,0.0,0.0,0.0,0.0,0.0,0.0],"Q7":[12.485892295837403,5.2317023277282719,5.121833801269531,5.029983043670654,0.0,0.0,0.0,0.0,0.0,0.0,0.0,0.0,0.0],"Q8":[4.357662200927734,15.43343734741211,5.723588466644287,8.736534118652344,0.0,0.0,0.0,0.0,0.0,0.0,0.0,0.0,0.0],"Q9":[6.436173439025879,5.776515960693359,5.480490684509277,14.864112854003907,0.0,0.0,0.0,0.0,0.0,0.0,0.0,0.0,0.0],"Q10":[13.565534591674805,5.628167629241943,6.319106101989746,13.702292442321778,0.0,0.0,0.0,0.0,0.0,0.0,0.0,0.0,0.0],"Q11":[7.4206862449646,5.22705078125,5.322157859802246,5.823132514953613,0.0,0.0,0.0,0.0,0.0,0.0,0.0,0.0,0.0],"Q12":[4.094560623168945,5.651696681976318,6.856631755828857,4.880617141723633,0.0,0.0,0.0,0.0,0.0,0.0,0.0,0.0,0.0],"Q13":[5.371697425842285,3.5795841217041017,2.7883033752441408,4.334590911865234,0.0,0.0,0.0,0.0,0.0,0.0,0.0,0.0,0.0],"Q14":[5.266811370849609,3.7693252563476564,6.08461856842041,4.286833763122559,0.0,0.0,0.0,0.0,0.0,0.0,0.0,0.0,0.0],"Q15":[2.664503574371338,5.507290840148926,4.453698635101318,2.6527438163757326,0.0,0.0,0.0,0.0,0.0,0.0,0.0,0.0,0.0],"Q16":[5.484607696533203,8.189958572387696,4.953004837036133,4.86934757232666,0.0,0.0,0.0,0.0,0.0,0.0,0.0,0.0,0.0],"Q17":[8.718650817871094,5.246960639953613,5.117954730987549,5.344925403594971,0.0,0.0,0.0,0.0,0.0,0.0,0.0,0.0,0.0],"Q18":[12.076776504516602,11.760879516601563,7.97695255279541,3.198549747467041,0.0,0.0,0.0,0.0,0.0,0.0,0.0,0.0,0.0],"Q19":[7.339242458343506,5.661155700683594,13.562905311584473,5.6770339012146,0.0,0.0,0.0,0.0,0.0,0.0,0.0,0.0,0.0],"Q20":[10.025701522827149,5.46530294418335,5.112298011779785,5.196179389953613,0.0,0.0,0.0,0.0,0.0,0.0,0.0,0.0,0.0],"Q21":[6.1410746574401859,4.886019706726074,12.875520706176758,11.707677841186524,0.0,0.0,0.0,0.0,0.0,0.0,0.0,0.0,0.0],"Q22":[11.983543395996094,6.300116539001465,6.486760139465332,8.999881744384766,0.0,0.0,0.0,0.0,0.0,0.0,0.0,0.0,0.0],"Q23":[7.176706790924072,8.135589599609375,6.544826030731201,6.157290935516357,0.0,0.0,0.0,0.0,0.0,0.0,0.0,0.0,0.0],"Q24":[5.212559700012207,7.350475311279297,4.2916059494018559,5.986498832702637,0.0,0.0,0.0,0.0,0.0,0.0,0.0,0.0,0.0],"Q25":[7.138942241668701,4.317692756652832,4.54788875579834,5.9944586753845219,0.0,0.0,0.0,0.0,0.0,0.0,0.0,0.0,0.0]}