{"curData":{"instanceID":0},"Q0":[0.7464908957481384,0.19318340718746186,0.7614961266517639,0.7600482106208801,0.812050461769104,0.4466027617454529,0.5849183797836304,0.7352663278579712,3.026043653488159,0.14373083412647248,0.46477559208869936,0.6580221056938171,0.3705573081970215],"Q1":[0.6272547245025635,0.8325100541114807,0.605404257774353,1.0672682523727418,0.7427545785903931,3.5364017486572267,1.8702017068862916,0.8089792728424072,0.8249551057815552,0.8768624067306519,0.7755842804908752,0.6740829348564148,0.9275305867195129],"Q2":[0.0,0.3960764408111572,0.4040248692035675,-0.003000000026077032,0.549211859703064,0.20592400431632996,0.24262546002864839,0.2654251158237457,2.548731803894043,0.5351075530052185,0.10407786071300507,0.4734676778316498,0.5081785917282105],"Q3":[0.0,0.0,0.0,0.0,0.0,0.0,0.0,0.0,0.0,0.0,0.0,0.0,0.0],"Q4":[0.1460603028535843,0.34841784834861758,0.19302505254745484,0.37100750207901,0.18056528270244599,2.8621699810028078,0.18164876103401185,0.20415888726711274,0.4146173298358917,0.16598749160766602,0.04723283275961876,0.2850320041179657,0.412572979927063],"Q5":[0.10777968913316727,0.32929378747940066,0.3409574627876282,0.22933772206306458,0.176291361451149,0.4211987257003784,0.5339811444282532,2.453219413757324,0.2529616057872772,0.3782466948032379,0.3946298658847809,0.3540906012058258,0.32653093338012698],"Q6":[0.5048210024833679,0.001391842495650053,0.08787651360034943,0.20517104864120484,0.0,0.49009591341018679,0.35402563214302065,0.572881817817688,0.11328154057264328,0.04053410142660141,3.038520574569702,0.12405139952898026,0.17892053723335267],"Q7":[0.04758221283555031,0.0,2.2404661178588869,0.0,0.2542877495288849,0.1947833001613617,0.0,0.1413811892271042,0.0,0.15001720190048219,0.17776575684547425,0.021181678399443628,0.14977647364139558],"Q8":[0.0,0.0,0.0,0.0,0.0,0.0,0.0,0.0,0.0,0.0,0.0,0.0,0.0],"Q9":[1.3545920848846436,1.5375102758407593,1.1928999423980713,3.660982608795166,1.0817791223526,1.3011144399642945,1.1994237899780274,1.5823938846588135,0.8953113555908203,1.1680705547332764,1.338510274887085,1.2763606309890748,1.0996421575546265],"Q10":[1.275047779083252,1.7207921743392945,3.29073166847229,1.1461596488952637,1.514126181602478,1.4518567323684693,1.5351758003234864,3.718869924545288,1.3456380367279053,1.1347081661224366,1.4727803468704224,1.71701979637146,1.4864308834075928],"Q11":[1.384394645690918,1.218921184539795,1.2355259656906129,1.578682541847229,1.0832043886184693,1.6114387512207032,1.0285893678665162,1.900963544845581,1.4890756607055665,1.1426995992660523,1.3695716857910157,3.6806201934814455,1.0933531522750855],"Q12":[0.983653724193573,0.8257384300231934,1.199259877204895,3.732713460922241,1.0334736108779908,1.38861882686615,1.1094748973846436,0.9186311960220337,1.2234978675842286,1.2255678176879883,1.183666706085205,1.7675480842590333,1.057245135307312],"Q13":[0.823482096195221,0.9458589553833008,1.084670066833496,0.6298497319221497,0.9971528053283691,4.2600836753845219,3.860759973526001,0.6085807085037231,0.44408562779426577,0.5697138905525208,0.9424281716346741,0.463789701461792,0.668749213218689],"Q14":[0.5801181197166443,0.7519071698188782,0.5430763363838196,2.116462230682373,0.8459015488624573,3.533179521560669,3.582167387008667,1.0310426950454713,0.6609702706336975,0.7535750865936279,0.8576853275299072,0.5814210176467896,1.114167332649231],"Q15":[0.0,0.6293011903762817,0.0,0.21031920611858369,0.0,0.0,0.0,0.0,0.0,0.0,0.0,0.0,-0.003900000127032399],"Q16":[0.0,0.0,0.0,0.0,0.0,0.0,0.0,0.0,0.0,0.0,0.0,0.0,0.0],"Q17":[0.48114246129989626,0.38928407430648806,0.3102668523788452,0.5704696178436279,3.3880789279937746,1.7381993532180787,3.7559471130371095,0.6033774614334106,0.5691453814506531,0.6321691870689392,0.4552243649959564,1.149085521697998,0.48737525939941409],"Q18":[0.48611098527908327,0.5365590453147888,0.06936924904584885,0.49762678146362307,0.20317700505256654,0.7108635306358337,1.0098340511322022,0.4554978013038635,0.4594907760620117,0.26872876286506655,0.43527156114578249,2.8081209659576418,0.27673575282096865],"Q19":[0.3814210593700409,0.4563199281692505,0.7464481592178345,0.44648146629333498,0.2953319549560547,3.6082305908203127,1.948211431503296,0.6321572661399841,0.31617775559425356,0.7979599833488464,0.5545443892478943,0.3021683990955353,0.41373082995414736],"Q20":[0.5611951351165772,0.12141069024801254,0.7191768884658814,0.6098265051841736,1.0525835752487183,4.071279048919678,3.157278537750244,0.4202747642993927,0.5663232207298279,0.3504366874694824,0.6148103475570679,0.1999092549085617,0.49147894978523257],"Q21":[0.0,0.0,0.0,0.9050562977790833,0.0,0.0,0.6527464389801025,0.0,0.18244615197181703,0.12366246432065964,0.0,0.0,0.0],"Q22":[1.119768738746643,1.1015260219573975,1.2573895454406739,1.0480788946151734,1.1495471000671387,4.083789825439453,3.7630136013031008,1.2660605907440186,1.3404929637908936,1.3434360027313233,1.9419546127319337,1.5738288164138795,1.1538549661636353],"Q23":[1.491906762123108,1.5373735427856446,1.5320345163345338,1.168285846710205,0.9077680110931397,3.5162479877471926,3.4495580196380617,1.4044513702392579,1.4173654317855836,1.47273588180542,1.4942681789398194,1.1380398273468018,1.4141082763671876],"Q24":[1.129149079322815,0.8945151567459106,1.2499215602874756,1.1406755447387696,1.0980364084243775,2.131026268005371,2.574554443359375,1.1423841714859009,1.0701253414154053,1.1353954076766968,0.8237972259521484,1.1807076930999756,2.9436492919921877],"Q25":[0.9591007232666016,1.5160677433013917,0.9719563126564026,2.5764238834381105,0.42351245880126955,2.688021421432495,2.8756017684936525,1.0087348222732545,0.9548168778419495,0.7335498332977295,3.3998725414276125,1.5065234899520875,1.0883100032806397]}