{"curData":{"instanceID":0},"Q0":[0.21177838742733003,-0.016458675265312196,0.10057972371578217,0.26133981347084048,0.7439807057380676,0.20152921974658967,0.2085527777671814,0.13681051135063172,0.013685129582881928,0.163222536444664,-0.5337823629379273,0.1162620559334755,0.012363106943666935],"Q1":[0.34603676199913027,0.33049070835113528,0.2772335708141327,1.0449130535125733,0.308987021446228,0.52387934923172,0.4360050857067108,0.3126027286052704,0.28946080803871157,0.22929273545742036,0.30538874864578249,0.45453396439552309,0.24069148302078248],"Q2":[0.11475474387407303,0.0,0.05403228476643562,0.017437385395169259,0.021135034039616586,0.0,0.013232875615358353,0.0,0.0867300033569336,0.1873621642589569,0.17020447552204133,0.12978795170783997,0.15611901879310609],"Q3":[0.0,0.0,0.0,0.0,0.0,0.0,0.0,0.0,0.0,0.0,0.0,0.0,0.0],"Q4":[-0.0057184710167348389,0.000475880631711334,-0.003746030619367957,0.15834635496139527,0.23149313032627107,0.1472575068473816,0.40593811869621279,0.0,0.058119963854551318,-0.003000000026077032,0.003930000122636557,0.05362161993980408,0.14117944240570069],"Q5":[0.0,0.00025808028294704854,0.1704101711511612,0.03750000149011612,0.3671605587005615,0.0,0.167128786444664,0.002244273666292429,-0.003000000026077032,0.0,0.0,-0.007067217957228422,0.07215331494808197],"Q6":[0.0,0.0,-0.006706617306917906,-0.8194186687469482,0.0,-0.028274014592170717,0.0,0.03660105541348457,0.10675551742315293,0.0,-0.005100000184029341,0.0,0.0],"Q7":[0.0006674074102193117,0.07591942697763443,0.13601888716220857,0.2417578548192978,0.39364853501319888,0.0,0.0,0.23886513710021974,0.05295875668525696,0.10003338754177094,0.0016108412528410555,0.028000060468912126,0.1357966661453247],"Q8":[0.0,0.0,0.0,0.0,0.0,0.0,0.0,1.419521689414978,0.0,0.0,0.0,0.0,0.0],"Q9":[0.49935364723205569,-1.0303220748901368,0.6360935568809509,-0.5500349998474121,0.6187832355499268,0.5490548610687256,0.4847700297832489,0.42920276522636416,0.4149762690067291,0.4344046115875244,0.46338948607444765,0.4629518687725067,0.4018305540084839],"Q10":[0.7750685214996338,0.5465308427810669,0.6618685126304627,0.6918226480484009,1.6856001615524293,0.5851974487304688,0.7227134108543396,0.6877681016921997,0.6698633432388306,0.6941457986831665,0.7041494846343994,0.7251747250556946,0.7434545755386353],"Q11":[0.678394079208374,0.6052033305168152,0.7006338834762573,1.8881034851074219,0.7568797469139099,0.6542669534683228,0.0,0.4589333236217499,0.523032009601593,0.39058664441108706,-0.8192756175994873,0.7302699685096741,0.4844881296157837],"Q12":[0.6373981237411499,0.6155371069908142,0.6600865125656128,0.2694800794124603,0.6600898504257202,0.5647266507148743,0.7092191576957703,0.5768916010856628,0.44228458404541018,0.6438416838645935,0.015922576189041139,0.6127930283546448,0.640787661075592],"Q13":[0.29083529114723208,0.21120315790176392,0.45858633518218996,2.2710659503936769,0.4339173436164856,0.1903788298368454,0.5458089709281921,0.4001656472682953,0.119728222489357,0.44480931758880618,0.42508238554000857,0.2389451265335083,0.38053131103515627],"Q14":[0.07100486755371094,0.3106832504272461,0.2880065143108368,1.4630850553512574,0.8632346987724304,0.2672358453273773,0.7625873684883118,0.29912614822387698,0.2890690863132477,0.3325803279876709,0.6102286577224731,0.44896256923675539,0.23039628565311433],"Q15":[-0.003000000026077032,0.0,0.0,-0.003000000026077032,0.0,-0.003000000026077032,0.1640472263097763,0.0,0.0,0.0,0.0,0.0060000005178153519,0.0],"Q16":[0.0,0.0,0.0,0.0,0.0,0.0,0.0,0.0,0.0,0.0,0.0,0.0,0.0],"Q17":[0.17784501612186433,0.0800052285194397,0.2479371428489685,0.14514775574207307,0.309583842754364,0.08909440040588379,0.7156913876533508,0.09689462184906006,0.06617279350757599,0.16802261769771577,0.13025620579719544,0.26411694288253786,0.15178066492080689],"Q18":[-0.007907271385192871,0.14790332317352296,0.1018625870347023,0.7544819712638855,0.022371284663677217,0.24723970890045167,0.33963513374328616,0.15954455733299256,0.003164945635944605,0.041768286377191547,0.37390992045402529,0.0852724239230156,0.048499032855033877],"Q19":[0.09684134274721146,0.07066913694143295,-0.012172168120741845,-0.7639663219451904,0.04805601388216019,0.2746555209159851,0.8118991851806641,0.13375069200992585,0.3253769278526306,0.04996083676815033,-0.06999871879816055,0.024332132190465928,0.10960891097784043],"Q20":[0.04120965301990509,0.09021744132041931,0.10549414902925492,1.0687381029129029,0.534469485282898,0.2750774025917053,0.3008914291858673,0.23946265876293183,0.1907670944929123,0.2748716175556183,0.04855896160006523,-0.0022137691266834738,0.02828844077885151],"Q21":[-0.003000000026077032,0.0,-0.003000000026077032,0.0,0.2631071209907532,-0.006102744489908218,-0.09681987762451172,0.0,0.0,-0.005100000184029341,-0.07771128416061402,0.0,0.0],"Q22":[1.7627754211425782,1.448103427886963,0.7229969501495361,0.8067208528518677,0.6254550218582153,0.6982131600379944,0.5461353659629822,0.6851697564125061,0.6791023015975952,0.5449976921081543,0.22794529795646668,0.7128456830978394,0.5467259883880615],"Q23":[0.512188196182251,0.7258860468864441,0.6057599186897278,0.4037463068962097,-0.9337266683578491,0.8628056645393372,0.5722739100456238,0.5536577105522156,0.8156552910804749,-1.713421106338501,0.6216386556625366,1.1815496683120728,0.7281128764152527],"Q24":[-0.032692551612854007,-0.38287127017974856,0.5437252521514893,-0.8183027505874634,1.2229095697402955,0.6005653738975525,0.5112568736076355,0.4924899935722351,0.4882044196128845,0.6963411569595337,0.44418418407440188,-0.15074531733989716,0.6124593615531921],"Q25":[0.4027833938598633,0.4781948924064636,0.9079785943031311,-0.4705964922904968,0.49345603585243227,0.669679582118988,0.5356521606445313,0.46908918023109438,0.686542272567749,0.6053294539451599,0.04715363681316376,0.42800793051719668,0.6429726481437683]}